mutant,SEL_C_64h
S6A,-1.65
S6C,-0.9
S6E,-0.37
S6D,1.67
S6G,-2
S6F,-2.22
S6I,-1.15
S6H,-0.8
S6K,-2.94
S6M,-1.27
S6L,-0.57
S6N,-2.65
S6Q,-1.89
S6P,-1.49
S6R,-0.87
S6T,-3.03
S6W,-9.88
S6V,-2.09
S6Y,-1.47
I7A,-1.61
I7C,-0.42
I7E,-1.67
I7D,-4.08
I7G,-2.26
I7F,0.2
I7H,-1.53
I7K,-3.16
I7M,0.41
I7L,-0.42
I7N,-1.7
I7Q,-0.11
I7P,-0.45
I7S,-0.49
I7R,-8.48
I7T,-1.11
I7W,-2.19
I7V,-2
I7Y,-0.86
E8A,-4.2
E8C,-0.59
E8D,-0.47
E8G,-2.81
E8F,0.5
E8I,-2.06
E8H,-3.71
E8K,-4.79
E8M,-2.31
E8L,-0.55
E8N,-1.35
E8Q,-2.96
E8P,-2.77
E8S,-2.24
E8R,-6.17
E8T,-3.12
E8W,-0.04
E8V,-2.52
E8Y,-4.75
Q9A,-1.02
Q9C,-9.61
Q9E,-11.89
Q9D,-6.41
Q9G,-5.22
Q9F,5.16
Q9I,-3.94
Q9H,-0.68
Q9K,-5.24
Q9M,-2.68
Q9L,-0.42
Q9N,-2.13
Q9P,-4.05
Q9S,-0.69
Q9R,-6.63
Q9T,-3.99
Q9W,-0.71
Q9V,-7.4
Q9Y,-0.57
A10C,-13.15
A10E,-13.88
A10D,-12.84
A10G,-1.51
A10F,-12.69
A10I,-3.25
A10H,-4.61
A10K,-11.55
A10M,-12.25
A10L,-12.21
A10N,-11.58
A10Q,-4.58
A10P,-8.11
A10S,-10.67
A10R,-9.57
A10T,-14.62
A10W,-12.03
A10V,-1.76
A10Y,-11.7
C11A,-3.62
C11E,0.56
C11D,-12.87
C11G,-12.25
C11F,-13.34
C11I,-12.01
C11H,-13.22
C11K,-2.18
C11M,-3.71
C11L,-13.18
C11N,-3.66
C11P,-13.66
C11S,-12.6
C11R,-1.99
C11T,-11.08
C11W,-13.47
C11V,-12.46
C11Y,-8.24
D12A,-12.94
D12C,-13.45
D12E,-13.61
D12G,-12.89
D12F,-14.38
D12I,-5.63
D12H,-5.21
D12K,-11.9
D12M,-11.48
D12L,-5.99
D12N,-11.53
D12Q,-0.58
D12P,-11.76
D12S,-8.05
D12R,-6.57
D12T,-12.52
D12W,-7.23
D12V,-0.62
D12Y,-3
I13A,-1.36
I13C,-1.06
I13E,-0.13
I13D,-0.59
I13G,-0.77
I13F,1.49
I13H,-0.42
I13K,-1.94
I13M,-2.67
I13L,-1.26
I13N,-3.91
I13Q,-1.62
I13P,-0.56
I13S,-4.98
I13R,-1.01
I13T,-0.89
I13W,1.65
I13V,-0.57
I13Y,1.39
C14A,-11.04
C14E,-4.04
C14D,-11.5
C14G,-11.24
C14F,-13.15
C14I,-4.16
C14H,-12.52
C14K,-12.42
C14M,-5.33
C14L,-7.23
C14N,-12.98
C14Q,-13.26
C14P,-12.62
C14S,-13.43
C14R,-7.2
C14T,-12.48
C14W,-4.26
C14V,-3.7
C14Y,-3.99
R15A,-3.27
R15C,-12.44
R15E,-11.25
R15D,-13.25
R15G,-12.11
R15F,-12.07
R15I,-11.09
R15H,-13.61
R15K,-2.65
R15M,-13.57
R15L,-6.19
R15N,-12.76
R15Q,-8.37
R15P,-4.6
R15S,-3.87
R15T,-3.97
R15W,-13.31
R15V,-13.15
R15Y,-3.89
L16A,-0.75
L16C,0.67
L16E,-0.82
L16D,-0.42
L16G,-0.53
L16F,-0.5
L16I,-1.58
L16H,-1.76
L16K,-1.94
L16M,-0.21
L16N,-1.09
L16Q,-2.48
L16P,-12.3
L16S,-1.11
L16R,-4.68
L16T,-1.86
L16W,0.12
L16V,-1.41
L16Y,1.73
K17A,-12.33
K17C,-7.6
K17E,-12.17
K17D,-13.45
K17G,-13.09
K17F,-3.6
K17I,-11.82
K17H,-9.98
K17M,-13.02
K17L,-12.32
K17N,-3.29
K17Q,-12.7
K17P,-12.05
K17S,-11.98
K17R,-8.97
K17T,-13.07
K17W,-8.4
K17V,-13.26
K17Y,-13.05
K18A,-5.18
K18C,-3.96
K18E,-13.89
K18D,-11.01
K18G,-13.95
K18F,-13.83
K18I,-4.37
K18H,-2.56
K18M,-13.57
K18L,-6.74
K18N,-3.87
K18Q,-6.65
K18P,-14.43
K18S,-7.86
K18R,-3.75
K18T,-11.06
K18W,-5.14
K18V,-8.65
K18Y,-9.27
L19A,-0.55
L19C,-1.86
L19E,-12.2
L19D,-12.64
L19G,2.04
L19F,-13.28
L19I,-0.53
L19H,-2.47
L19K,-10.13
L19M,1.64
L19N,-3.09
L19Q,-4.32
L19P,-1.87
L19S,-2.41
L19R,-12.1
L19T,-4.81
L19W,-1.28
L19V,-12.72
L19Y,-2.24
K20A,-5.35
K20C,-3.86
K20E,-8.91
K20D,-10.32
K20G,1.8
K20F,-12.6
K20I,-7.67
K20H,-4.7
K20M,-12.9
K20L,-4.33
K20N,-3.8
K20Q,-5.11
K20P,-3.32
K20S,-5.03
K20R,0.32
K20T,-3.63
K20W,-7.63
K20V,-5.36
K20Y,-12.34
C21A,-12.9
C21E,-3.22
C21D,-2.9
C21G,-4.6
C21F,-3.53
C21I,-4.24
C21H,-14.22
C21K,-4.82
C21M,-2.9
C21L,-5.58
C21N,-12.65
C21Q,-5.98
C21P,-14.38
C21S,-6.32
C21R,-11.73
C21T,-5.86
C21W,-13.72
C21V,-12.87
C21Y,-7.06
S22C,-10.19
S22G,-7.25
S22F,-12.45
S22I,-12.2
S22H,-10.58
S22K,-12.86
S22L,-11.58
S22N,-6.67
S22Q,-11.57
S22P,-10.45
S22R,-11.17
S22W,-10.29
S22V,-11.62
S22Y,-12.1
K23A,-12.02
K23C,-13.07
K23E,-6.02
K23D,-9.36
K23G,-12.64
K23F,-6.7
K23I,-13.48
K23H,-2.68
K23M,-10.5
K23L,-5.71
K23N,-5.07
K23Q,-2.6
K23P,-4.28
K23S,-6.25
K23R,-1.57
K23T,-13.82
K23W,-11.63
K23V,-2.62
K23Y,-3.46
E24A,0.83
E24C,1.27
E24D,0.55
E24G,0.03
E24F,-1.9
E24I,-1.88
E24H,1.38
E24K,-0.57
E24M,0.71
E24L,-2.02
E24N,1.52
E24Q,1.6
E24P,-3.31
E24S,1.09
E24R,-2.82
E24T,1.39
E24W,-4.39
E24V,0.48
E24Y,-15.55
K25A,1.9
K25C,1.3
K25E,2.33
K25D,-0.48
K25G,0.69
K25F,3.57
K25I,2.23
K25H,0.54
K25M,2.5
K25L,1.25
K25N,2.42
K25Q,1.25
K25P,-3.8
K25S,3.62
K25R,0.7
K25T,2.38
K25W,4.06
K25V,2.68
K25Y,4.03
P26A,-11.61
P26C,-13.71
P26E,-10.66
P26D,-10.81
P26G,-1.04
P26F,-13.18
P26I,-11.68
P26H,-12.65
P26M,-11.69
P26L,-11.95
P26N,-12.16
P26Q,-2.12
P26S,-1.87
P26R,-12.19
P26T,-2.96
P26W,-10.66
P26V,-12.52
P26Y,-11.97
K27C,1.46
K27E,-0.05
K27D,-2.48
K27G,2.31
K27F,2.43
K27I,1.53
K27H,1.6
K27M,1.01
K27L,2.25
K27N,2.6
K27Q,2.7
K27P,-10.96
K27S,0.6
K27R,1.07
K27T,-0.68
K27W,1.81
K27V,-1.59
K27Y,1.66
C28A,-10.59
C28E,-11.8
C28D,-2.37
C28G,-12.19
C28F,-4.02
C28I,-10.93
C28M,-12
C28L,-10.72
C28N,-12.4
C28Q,-10.19
C28P,-4.32
C28S,-2.82
C28R,-4.05
C28T,-12.31
C28W,-12.06
C28Y,-10.02
A29C,-1.48
A29E,0.77
A29D,-1.84
A29G,-0.26
A29F,-1.75
A29I,1.33
A29H,0.45
A29K,1.44
A29M,1.5
A29L,0.4
A29N,-1.19
A29Q,1.1
A29P,-12.36
A29S,-4.81
A29R,2.74
A29T,1.19
A29W,3.01
A29V,1.53
A29Y,-0.01
K30A,-5.49
K30C,-2.75
K30E,-15.07
K30D,-3.73
K30G,-12.34
K30F,-3.8
K30I,-2.85
K30H,-12.86
K30M,-3.83
K30L,-2.94
K30N,-6.47
K30Q,-4.29
K30P,-5.11
K30S,-7.03
K30R,-1.31
K30T,-2.64
K30W,-14.67
K30V,-13.83
K30Y,-6.89
C31A,-6.35
C31E,-5.93
C31D,-10.71
C31G,-3.39
C31F,-4.95
C31I,-4.02
C31H,-7.08
C31K,-12.45
C31M,-3.57
C31L,-12.78
C31N,-4.17
C31Q,-13.09
C31P,-12.99
C31S,-14.17
C31R,-10.09
C31T,-3.92
C31W,-3.3
C31V,-6.22
C31Y,-5.3
L32A,1.06
L32C,0.28
L32E,0.56
L32D,1.66
L32G,1.3
L32F,1.87
L32I,-0.1
L32H,1.24
L32K,1.28
L32M,0.97
L32N,0.88
L32Q,-0.37
L32P,-5.95
L32S,-0.06
L32R,1.67
L32T,-0.72
L32W,2.38
L32V,-0.21
L32Y,2.05
K33A,-0.61
K33C,-2.71
K33E,-1.19
K33D,-8.9
K33G,-1.13
K33F,-1.88
K33I,-1.06
K33H,-0.97
K33M,0.1
K33L,-3.14
K33N,0.7
K33Q,0.29
K33P,-13.18
K33S,-1.29
K33R,1.88
K33T,0.76
K33W,-3.66
K33V,-0.71
K33Y,-1.95
N34A,-0.78
N34C,-0.06
N34E,-2.73
N34D,-3.73
N34G,0.1
N34F,-2.36
N34I,-12.83
N34H,-1.07
N34K,-2.36
N34M,-2.9
N34L,0.15
N34Q,0.33
N34P,-13.73
N34S,1.07
N34R,-0.85
N34T,-2.8
N34W,-12.51
N34V,-10.4
N34Y,-1.39
N35A,0.05
N35C,1.25
N35E,1.31
N35D,-0.41
N35G,0.06
N35F,1.95
N35I,-0.79
N35H,-0.77
N35K,0.12
N35M,1.51
N35L,0.34
N35Q,1.03
N35P,-13.31
N35S,-0.34
N35R,-0.29
N35T,1.59
N35W,-9.48
N35V,0.52
N35Y,1.07
W36A,1.24
W36C,-4.2
W36E,-3.1
W36D,-1.86
W36G,0.41
W36F,0.91
W36I,1.19
W36H,0.25
W36K,-0.25
W36M,-0.03
W36L,1.41
W36N,-0.6
W36Q,0.69
W36P,-4.07
W36S,0.69
W36R,0.43
W36T,-0.35
W36V,1.11
W36Y,1.84
E37A,0.1
E37C,1.39
E37D,0.26
E37G,-0.43
E37F,-1.9
E37I,-2.55
E37H,0.31
E37K,-0.93
E37M,-0.51
E37L,-0.09
E37N,0.73
E37Q,-1.21
E37P,1.34
E37S,1.37
E37R,0.48
E37T,1.2
E37W,-9.86
E37V,2.06
E37Y,-4.04
C38A,-3.17
C38E,-12.48
C38D,-2.81
C38G,-4.43
C38F,-4.9
C38I,-10.69
C38H,-12.01
C38K,-13.43
C38M,-3.83
C38L,-14.03
C38N,-12.89
C38Q,-2.69
C38P,-11.74
C38S,-5.12
C38R,-8.78
C38T,-12.12
C38W,-12.59
C38V,-12.77
C38Y,-2.55
R39A,0.67
R39C,1.01
R39E,1.63
R39D,-1.64
R39G,0.15
R39F,0.79
R39I,0.75
R39H,-0.56
R39K,-1.42
R39M,2.54
R39L,1.84
R39N,2.26
R39Q,0.44
R39P,-3.91
R39S,0.18
R39T,1.72
R39W,0.67
R39V,-1.14
R39Y,0.96
Y40A,-6.16
Y40C,-12.55
Y40E,-4.92
Y40D,-11.01
Y40G,-9.73
Y40F,-2.15
Y40I,-11.96
Y40H,-3.52
Y40K,-12.24
Y40M,-4.97
Y40L,-5.09
Y40N,-12.4
Y40Q,-4.04
Y40P,-14.62
Y40S,-4.54
Y40R,-5.08
Y40T,-5.25
Y40W,-5.09
Y40V,-2.08
S41A,-3.5
S41C,-12.26
S41E,-10.27
S41D,-12.35
S41G,-4.18
S41F,-6.65
S41I,-11.62
S41H,-14.06
S41K,-11.02
S41M,-11.9
S41L,-10.13
S41N,-11.17
S41Q,-2.19
S41P,-11.46
S41R,-8.97
S41T,-3.31
S41W,-5.8
S41V,-4.89
S41Y,-3.24
P42A,-2.2
P42C,-7.28
P42E,-3.79
P42D,-1.68
P42G,-5.43
P42F,-13
P42I,-11.78
P42H,-4.62
P42K,-5.26
P42M,-3.45
P42L,-10.02
P42N,-6.61
P42Q,-6.67
P42S,-6.04
P42R,-12.91
P42T,-9.43
P42W,-4.91
P42V,-4.4
P42Y,-5.44
K43A,0.76
K43C,-3.18
K43E,-6.61
K43D,-4.57
K43G,-2.85
K43F,1.24
K43I,-1.87
K43H,-1.5
K43M,-0.35
K43L,-0.25
K43N,-1.58
K43Q,-1
K43P,4.32
K43S,-3.16
K43R,0.26
K43T,-2.03
K43W,-4.01
K43V,-6.2
K43Y,2.46
T44A,0
T44C,0.07
T44E,2.51
T44D,-1.95
T44G,-2.29
T44F,-3.3
T44I,1.1
T44K,-8.22
T44M,0.13
T44L,0.19
T44N,-3.56
T44S,-2.07
T44R,-6.05
T44W,-12.56
T44V,0.09
T44Y,-10.68
K45A,1.63
K45C,-1.53
K45E,-7.84
K45D,-4.48
K45G,-14.07
K45F,-3.08
K45I,3.45
K45H,-1.74
K45M,1.77
K45L,3
K45N,-0.16
K45Q,3.17
K45P,3.04
K45S,-9.48
K45R,-0.63
K45T,0.12
K45W,-3.88
K45V,2.53
K45Y,-2.96
R46A,-11.85
R46C,-11.64
R46E,-3.59
R46D,-13.01
R46G,-15.16
R46F,-11.89
R46I,-12.11
R46H,-12.38
R46K,-6
R46M,-11.9
R46L,-12.37
R46N,-13.6
R46Q,-3.47
R46P,-9.91
R46S,-11.44
R46T,-5.9
R46W,-13.13
R46V,-13.26
R46Y,-12.32
S47A,-11.61
S47C,-12.69
S47E,-11.77
S47G,-11.63
S47F,-12.4
S47I,-12.3
S47H,-11.77
S47K,-10.39
S47M,-3.76
S47L,-12.87
S47N,-11.06
S47Q,-11.75
S47P,-1.33
S47R,-12.17
S47T,-1.01
S47W,-12.01
S47V,-12.63
S47Y,-7.12
P48A,-4.83
P48C,-6.18
P48E,-4.24
P48D,-1.09
P48G,-5.01
P48F,-12.71
P48I,-13.45
P48H,-9.42
P48K,-4.07
P48M,-4.49
P48L,-13.3
P48N,-14.16
P48Q,-12.79
P48S,-10.51
P48R,-3.58
P48T,-13.31
P48W,-3.93
P48V,-4.7
P48Y,-5.18
L49A,-13.35
L49C,-6.9
L49E,-12.89
L49D,-13.07
L49G,-3.99
L49F,-4.33
L49I,-2.08
L49H,-9.03
L49K,-4.03
L49M,-4.17
L49N,-14
L49Q,-10.25
L49P,-5.97
L49S,-7.36
L49R,-10.2
L49T,-5.08
L49W,-2.67
L49V,-13.34
L49Y,-0.16
T50A,-12.91
T50C,-4.44
T50E,-13.83
T50D,-12.66
T50G,-13.91
T50F,-7.99
T50I,-7.3
T50H,-2.91
T50K,-13.54
T50M,-3.43
T50L,-5.88
T50N,-13.75
T50Q,-3.66
T50P,-13.77
T50S,-9.68
T50R,-13.74
T50W,-5.3
T50V,-3.29
T50Y,-3.82
R51A,-13.6
R51C,-12.39
R51E,-6.62
R51D,-4.62
R51G,-12.42
R51F,-12.85
R51I,-7.94
R51H,-13.94
R51K,-11.63
R51M,-3.56
R51L,-5.73
R51N,-12.6
R51Q,-4.76
R51P,-14.03
R51S,-2.22
R51T,-5.89
R51W,-9.21
R51V,-4.45
R51Y,-3.08
A52C,-1.45
A52E,-10.54
A52D,-6.03
A52G,-9.58
A52F,-0.14
A52I,-0.23
A52H,-1.32
A52K,-1.52
A52M,-0.51
A52L,-1.15
A52N,1.07
A52Q,-0.32
A52P,-9.7
A52S,-3.29
A52R,-1.12
A52T,-7.55
A52W,-13.22
A52V,1.32
A52Y,-2.74
H53A,-14.27
H53C,-7.66
H53E,-2.97
H53D,-6.15
H53G,-12.58
H53F,-3.93
H53I,-9.37
H53K,-6.76
H53M,-13.55
H53L,-10.34
H53N,-4.12
H53Q,-2.97
H53P,-13.77
H53S,-5.18
H53R,-4.38
H53T,-11.09
H53W,-0.88
H53V,-14.53
H53Y,1.09
L54A,-12.9
L54C,-1.87
L54E,-2.54
L54D,-13.6
L54G,-13.61
L54F,-12.89
L54I,-5.11
L54H,-13.64
L54K,-12.42
L54M,0.91
L54N,-12.53
L54Q,-13.65
L54P,-3.62
L54S,-12.59
L54R,-1.61
L54T,-11.46
L54W,-4.3
L54V,1.18
L54Y,-13.3
T55A,-4.98
T55C,-3.43
T55E,-1.99
T55D,-2.25
T55G,-1.49
T55F,-6.8
T55I,-5.45
T55H,-10.34
T55K,-11.29
T55M,-3.43
T55L,-4.13
T55N,-3.19
T55Q,-2.44
T55P,-3.32
T55S,-0.57
T55R,-11.57
T55W,-3.61
T55V,-7.47
T55Y,-2.94
E56A,0.15
E56C,0.41
E56D,0.34
E56G,-1.82
E56F,-0.19
E56I,-2.82
E56H,-1.5
E56K,-2.35
E56M,0.21
E56L,-1.31
E56N,-0.84
E56Q,-0.61
E56P,-13.03
E56S,-0.55
E56R,-1.28
E56T,-0.34
E56W,0.63
E56V,-2.51
E56Y,0.2
V57A,-12.64
V57C,1.05
V57E,-11.25
V57D,-2.9
V57G,-11.35
V57F,-11.89
V57I,-4.57
V57H,-2.79
V57K,-11.69
V57M,-4.33
V57L,-1.14
V57N,-12.77
V57P,-11.74
V57S,-13.65
V57R,-11.28
V57T,-3.75
V57W,-13.16
V57Y,-2.77
E58A,-13.11
E58C,-5.31
E58D,-2.97
E58G,-13.97
E58F,-3.55
E58I,-13.05
E58H,-4.7
E58K,-10.18
E58M,-12.24
E58L,-13.61
E58N,-12.73
E58Q,-7.19
E58P,-4.68
E58S,-3.84
E58R,-1.5
E58T,-9.41
E58W,-3.99
E58V,-3.76
E58Y,-4.96
S59C,1.98
S59E,1.76
S59D,-0.32
S59G,0.86
S59F,1.11
S59I,1.35
S59H,0.93
S59K,-0.65
S59M,0.56
S59L,0.33
S59N,-0.35
S59Q,1.2
S59P,-11.4
S59R,-1.91
S59T,-0.46
S59W,1
S59V,0.54
S59Y,1.02
R60A,-0.44
R60C,-10.42
R60E,-12.28
R60D,-13.32
R60G,-4.87
R60F,-12.45
R60I,-13.94
R60H,-4.72
R60K,-0.38
R60M,-4.14
R60L,-4.53
R60N,-4.59
R60Q,-0.09
R60P,-12.46
R60S,-4.44
R60T,-11.54
R60W,-12.76
R60V,-12.85
R60Y,-12.83
L61A,0.61
L61C,0.01
L61E,-10.64
L61D,-14.01
L61G,-5.99
L61F,-4.84
L61I,-2.65
L61H,-5.69
L61K,-1.75
L61M,0.04
L61N,-9.9
L61Q,-10.67
L61P,-7.98
L61S,-3.68
L61R,-13.4
L61T,-11.86
L61W,-12.79
L61V,1.37
L61Y,-1.55
E62A,0.09
E62C,0.47
E62D,0.45
E62G,0.51
E62F,0.57
E62I,-0.95
E62H,0.11
E62K,-2.05
E62M,0.54
E62L,1.16
E62N,-1.54
E62Q,-0.12
E62P,-14.33
E62S,-0.57
E62R,-0.74
E62T,0.7
E62W,1.15
E62V,1.66
E62Y,0.22
R63A,1.87
R63C,-0.56
R63E,-11.41
R63D,-12.14
R63G,-3.41
R63F,1.43
R63I,1.82
R63H,-3.18
R63K,-1.68
R63M,0.86
R63L,1
R63N,-3.83
R63Q,0.29
R63P,-2.52
R63S,-1.06
R63T,0.76
R63W,-6.41
R63V,1.88
R63Y,-10.48
L64A,-11.13
L64C,-3.41
L64E,-10.57
L64D,-12.45
L64F,0.06
L64I,1.5
L64H,-7
L64K,-12.13
L64M,0.21
L64N,-12.41
L64Q,-12.68
L64P,-10.78
L64S,-12.56
L64R,-3.13
L64T,-12.97
L64W,-12.38
L64V,-11.52
L64Y,-10.56
E65A,-9.21
E65C,-1.22
E65D,-2.02
E65G,-5.39
E65F,-11.21
E65I,-1.5
E65H,-1.13
E65K,-3.24
E65M,1.66
E65L,-3.36
E65N,-12.08
E65Q,1.2
E65P,-3.2
E65S,-0.02
E65R,-1.75
E65T,0.46
E65W,-4.97
E65V,-0.43
E65Y,0.43
